{"stats":{"minecraft:custom":{"minecraft:time_since_rest":6702,"minecraft:crouch_one_cm":418,"minecraft:play_time":6702,"minecraft:sprint_one_cm":2919,"minecraft:walk_one_cm":5216,"minecraft:sneak_time":517,"minecraft:jump":56,"minecraft:leave_game":1,"minecraft:time_since_death":6702,"minecraft:total_world_time":6702,"minecraft:climb_one_cm":148,"minecraft:interact_with_crafting_table":3,"minecraft:fly_one_cm":8095},"minecraft:picked_up":{"minecraft:crafting_table":2,"minecraft:jungle_log":7,"minecraft:oak_log":7,"minecraft:coal":32,"minecraft:dirt":6,"minecraft:cobblestone":10},"minecraft:used":{"minecraft:stone_axe":14,"minecraft:dirt":6,"minecraft:crafting_table":2,"minecraft:stone_pickaxe":33,"minecraft:wooden_pickaxe":9},"minecraft:mined":{"minecraft:oak_log":9,"minecraft:grass_block":1,"minecraft:grass":2,"minecraft:coal_ore":32,"minecraft:vine":1,"minecraft:jungle_log":7,"minecraft:dirt":5,"minecraft:stone":10,"minecraft:fern":2,"minecraft:crafting_table":2},"minecraft:crafted":{"minecraft:stone_sword":1,"minecraft:wooden_sword":1,"minecraft:stone_axe":1,"minecraft:crafting_table":1,"minecraft:stick":12,"minecraft:stone_pickaxe":1,"minecraft:wooden_pickaxe":1,"minecraft:jungle_planks":28,"minecraft:wooden_axe":1}},"DataVersion":2975}