{"stats":{"minecraft:picked_up":{"minecraft:stick":1,"minecraft:rotten_flesh":1,"minecraft:wheat_seeds":6,"minecraft:jungle_sapling":1,"minecraft:oak_sapling":2},"minecraft:killed_by":{"minecraft:spider":1},"minecraft:used":{"minecraft:deepslate_bricks":80,"minecraft:bedrock":6,"minecraft:glowstone":10,"minecraft:dirt":3,"minecraft:crafting_table":1,"minecraft:cracked_deepslate_bricks":15,"minecraft:grass_block":299,"minecraft:deepslate_brick_slab":105,"minecraft:axolotl_bucket":4,"minecraft:deepslate_brick_stairs":68},"minecraft:dropped":{"minecraft:oak_leaves":1},"minecraft:mined":{"minecraft:grass":8,"minecraft:fern":1},"minecraft:custom":{"minecraft:time_since_rest":30558,"minecraft:crouch_one_cm":6713,"minecraft:sprint_one_cm":13960,"minecraft:play_time":31899,"minecraft:deaths":1,"minecraft:damage_taken":30,"minecraft:walk_one_cm":88088,"minecraft:sneak_time":1685,"minecraft:walk_under_water_one_cm":3471,"minecraft:drop":1,"minecraft:jump":133,"minecraft:leave_game":1,"minecraft:walk_on_water_one_cm":91,"minecraft:time_since_death":30522,"minecraft:climb_one_cm":74,"minecraft:total_world_time":31899,"minecraft:interact_with_crafting_table":1,"minecraft:fall_one_cm":211,"minecraft:fly_one_cm":45963}},"DataVersion":2975}