{"stats":{"minecraft:mined":{"minecraft:crafting_table":3,"minecraft:grass_block":6,"minecraft:tall_grass":1,"minecraft:wall_torch":1,"minecraft:furnace":4,"minecraft:iron_ore":53,"minecraft:grass":4,"minecraft:coal_ore":18,"minecraft:oak_log":28,"minecraft:dirt":3,"minecraft:gravel":1,"minecraft:stone":24,"minecraft:oak_leaves":1},"minecraft:killed":{"minecraft:iron_golem":1,"minecraft:skeleton":1,"minecraft:zombie":2},"minecraft:killed_by":{"minecraft:creeper":2,"minecraft:zombie":2},"minecraft:crafted":{"minecraft:oak_planks":48,"minecraft:crafting_table":1,"minecraft:wooden_pickaxe":1,"minecraft:iron_helmet":1,"minecraft:furnace":2,"minecraft:bucket":1,"minecraft:stone_axe":1,"minecraft:air":0,"minecraft:iron_boots":1,"minecraft:iron_chestplate":1,"minecraft:shield":1,"minecraft:stick":12,"minecraft:iron_ingot":53,"minecraft:iron_pickaxe":1,"minecraft:stone_pickaxe":1,"minecraft:stone_sword":1,"minecraft:iron_leggings":1,"minecraft:torch":8},"minecraft:dropped":{"minecraft:wheat_seeds":1,"minecraft:poppy":2,"minecraft:stone_pickaxe":2,"minecraft:wooden_pickaxe":1},"minecraft:used":{"minecraft:water_bucket":2,"minecraft:stone_sword":11,"minecraft:stone_pickaxe":28,"minecraft:oak_planks":1,"minecraft:shield":6,"minecraft:wooden_pickaxe":3,"minecraft:torch":4,"minecraft:dirt":8,"minecraft:crafting_table":3,"minecraft:iron_pickaxe":69,"tombstone:grave_key":3,"minecraft:stone_axe":23,"minecraft:furnace":4,"minecraft:bucket":3,"tombstone:gift":1},"minecraft:custom":{"minecraft:interact_with_furnace":20,"minecraft:mob_kills":4,"minecraft:interact_with_crafting_table":10,"minecraft:play_one_minute":31177,"minecraft:bell_ring":15,"minecraft:damage_dealt_resisted":70,"minecraft:leave_game":4,"minecraft:time_since_death":0,"minecraft:sleep_in_bed":1,"minecraft:time_since_rest":111,"minecraft:sprint_one_cm":30425,"minecraft:damage_taken":1484,"minecraft:walk_one_cm":43202,"minecraft:damage_blocked_by_shield":320,"minecraft:drop":6,"minecraft:damage_dealt":1526,"minecraft:talked_to_villager":1,"minecraft:fly_one_cm":36906,"minecraft:open_chest":4,"minecraft:crouch_one_cm":4612,"tombstone:undead_killed":3,"minecraft:deaths":7,"minecraft:sneak_time":2077,"minecraft:jump":402,"minecraft:walk_on_water_one_cm":3615,"minecraft:fall_one_cm":11969},"minecraft:picked_up":{"minecraft:crafting_table":3,"minecraft:wooden_pickaxe":1,"minecraft:oak_log":28,"minecraft:dirt":8,"minecraft:bone":2,"minecraft:wheat_seeds":1,"minecraft:iron_ingot":4,"minecraft:stone_pickaxe":1,"minecraft:iron_ore":53,"minecraft:poppy":2,"minecraft:oak_planks":15,"minecraft:furnace":4,"minecraft:torch":1,"minecraft:gravel":1,"minecraft:arrow":1,"minecraft:rotten_flesh":2,"minecraft:coal":29,"minecraft:cobblestone":30}},"DataVersion":2586}