{"stats":{"minecraft:picked_up":{"minecraft:rotten_flesh":1,"minecraft:wheat_seeds":5,"minecraft:jungle_sapling":1},"minecraft:killed_by":{"minecraft:spider":1},"minecraft:used":{"minecraft:bedrock":6,"minecraft:dirt":1,"minecraft:grass_block":27},"minecraft:mined":{"minecraft:grass":8,"minecraft:fern":1},"minecraft:custom":{"minecraft:time_since_rest":6558,"minecraft:crouch_one_cm":3605,"minecraft:sprint_one_cm":2925,"minecraft:play_time":7899,"minecraft:deaths":1,"minecraft:damage_taken":30,"minecraft:walk_one_cm":6735,"minecraft:sneak_time":788,"minecraft:walk_under_water_one_cm":3471,"minecraft:jump":23,"minecraft:leave_game":1,"minecraft:time_since_death":6522,"minecraft:climb_one_cm":25,"minecraft:total_world_time":7899,"minecraft:fall_one_cm":211,"minecraft:fly_one_cm":6602}},"DataVersion":2975}