{"stats":{"minecraft:mined":{"minecraft:furnace":2,"minecraft:iron_ore":44,"minecraft:crafting_table":2,"minecraft:grass":4,"minecraft:grass_block":6,"minecraft:oak_log":28,"minecraft:coal_ore":18,"minecraft:gravel":1,"minecraft:dirt":3,"minecraft:tall_grass":1,"minecraft:stone":23,"minecraft:oak_leaves":1},"minecraft:killed":{"minecraft:zombie":2,"minecraft:iron_golem":1},"minecraft:killed_by":{"minecraft:creeper":1,"minecraft:zombie":1},"minecraft:crafted":{"minecraft:oak_planks":48,"minecraft:iron_boots":1,"minecraft:iron_chestplate":1,"minecraft:shield":1,"minecraft:crafting_table":1,"minecraft:stick":12,"minecraft:wooden_pickaxe":1,"minecraft:iron_ingot":20,"minecraft:iron_pickaxe":1,"minecraft:stone_pickaxe":1,"minecraft:stone_sword":1,"minecraft:furnace":1,"minecraft:bucket":1,"minecraft:torch":8,"minecraft:stone_axe":1,"minecraft:air":0},"minecraft:dropped":{"minecraft:poppy":2,"minecraft:wheat_seeds":1,"minecraft:wooden_pickaxe":1,"minecraft:stone_pickaxe":2},"minecraft:used":{"minecraft:water_bucket":2,"minecraft:stone_sword":5,"minecraft:stone_pickaxe":28,"minecraft:oak_planks":1,"minecraft:iron_pickaxe":57,"minecraft:shield":3,"minecraft:wooden_pickaxe":3,"tombstone:grave_key":1,"minecraft:torch":3,"minecraft:stone_axe":21,"minecraft:dirt":8,"minecraft:crafting_table":2,"minecraft:furnace":2,"minecraft:bucket":2,"tombstone:gift":1},"minecraft:custom":{"minecraft:time_since_rest":393,"minecraft:interact_with_furnace":10,"minecraft:sprint_one_cm":26577,"minecraft:damage_taken":791,"minecraft:walk_one_cm":38015,"minecraft:damage_blocked_by_shield":90,"minecraft:mob_kills":3,"minecraft:drop":6,"minecraft:damage_dealt":1220,"minecraft:interact_with_crafting_table":8,"minecraft:fly_one_cm":33234,"minecraft:talked_to_villager":1,"tombstone:undead_killed":2,"minecraft:open_chest":4,"minecraft:play_one_minute":23964,"minecraft:crouch_one_cm":3558,"minecraft:deaths":5,"minecraft:bell_ring":15,"minecraft:sneak_time":1640,"minecraft:jump":361,"minecraft:leave_game":3,"minecraft:walk_on_water_one_cm":3071,"minecraft:time_since_death":0,"minecraft:sleep_in_bed":1,"minecraft:fall_one_cm":11551},"minecraft:picked_up":{"minecraft:crafting_table":2,"minecraft:wooden_pickaxe":1,"minecraft:gravel":1,"minecraft:oak_log":28,"minecraft:dirt":8,"minecraft:wheat_seeds":1,"minecraft:iron_ingot":4,"minecraft:stone_pickaxe":1,"minecraft:iron_ore":43,"minecraft:poppy":2,"minecraft:oak_planks":15,"minecraft:coal":18,"minecraft:cobblestone":29,"minecraft:furnace":2}},"DataVersion":2586}