{"stats":{"minecraft:custom":{"minecraft:time_since_rest":4093,"minecraft:crouch_one_cm":796,"minecraft:sprint_one_cm":4309,"minecraft:play_time":7759,"minecraft:deaths":5,"minecraft:walk_one_cm":4321,"minecraft:sneak_time":498,"minecraft:jump":13,"minecraft:leave_game":4,"minecraft:time_since_death":3672,"minecraft:total_world_time":7759,"minecraft:interact_with_crafting_table":1,"minecraft:fly_one_cm":4650},"minecraft:used":{"minecraft:crafting_table":1,"tombstone:gift":2,"minecraft:wooden_pickaxe":16},"minecraft:picked_up":{"minecraft:jungle_log":7,"minecraft:wheat_seeds":1,"minecraft:dirt":7,"minecraft:cobblestone":8},"minecraft:mined":{"minecraft:grass":5,"minecraft:grass_block":2,"minecraft:vine":1,"minecraft:jungle_log":7,"minecraft:dirt":5,"minecraft:stone":8,"minecraft:fern":1},"minecraft:crafted":{"minecraft:crafting_table":1,"minecraft:stick":8,"minecraft:wooden_pickaxe":1,"minecraft:jungle_planks":28}},"DataVersion":2975}