{"stats":{"minecraft:custom":{"minecraft:jump":16,"minecraft:time_since_rest":911,"minecraft:leave_game":1,"minecraft:crouch_one_cm":507,"minecraft:deaths":1,"minecraft:sprint_one_cm":2311,"minecraft:play_time":2252,"minecraft:damage_taken":30,"minecraft:time_since_death":875,"minecraft:walk_one_cm":761,"minecraft:sneak_time":145,"minecraft:climb_one_cm":25,"minecraft:total_world_time":2252,"minecraft:fall_one_cm":211,"minecraft:fly_one_cm":3335},"minecraft:killed_by":{"minecraft:spider":1},"minecraft:mined":{"minecraft:grass":8,"minecraft:fern":1},"minecraft:picked_up":{"minecraft:wheat_seeds":1}},"DataVersion":2975}