{"stats":{"minecraft:picked_up":{"minecraft:stick":1,"minecraft:rotten_flesh":1,"minecraft:wheat_seeds":5,"minecraft:jungle_sapling":1,"minecraft:oak_sapling":2},"minecraft:killed_by":{"minecraft:spider":1},"minecraft:used":{"minecraft:deepslate_bricks":17,"minecraft:bedrock":6,"minecraft:glowstone":2,"minecraft:dirt":3,"minecraft:cracked_deepslate_bricks":4,"minecraft:grass_block":101},"minecraft:dropped":{"minecraft:oak_leaves":1},"minecraft:mined":{"minecraft:grass":8,"minecraft:fern":1},"minecraft:custom":{"minecraft:time_since_rest":18558,"minecraft:crouch_one_cm":5561,"minecraft:sprint_one_cm":7901,"minecraft:play_time":19899,"minecraft:deaths":1,"minecraft:damage_taken":30,"minecraft:walk_one_cm":25873,"minecraft:sneak_time":1311,"minecraft:walk_under_water_one_cm":3471,"minecraft:drop":1,"minecraft:jump":67,"minecraft:leave_game":1,"minecraft:time_since_death":18522,"minecraft:climb_one_cm":74,"minecraft:total_world_time":19899,"minecraft:fall_one_cm":211,"minecraft:fly_one_cm":27322}},"DataVersion":2975}