{"stats":{"minecraft:picked_up":{"minecraft:cocoa_beans":3,"minecraft:stick":1,"minecraft:rotten_flesh":1,"minecraft:wheat_seeds":7,"minecraft:soul_lantern":3,"minecraft:jungle_sapling":1,"minecraft:oak_sapling":2},"minecraft:killed_by":{"minecraft:spider":1},"minecraft:used":{"minecraft:deepslate_brick_wall":1,"minecraft:netherite_sword":36,"minecraft:iron_bars":1,"minecraft:cracked_deepslate_bricks":71,"minecraft:grass_block":299,"minecraft:spore_blossom":4,"minecraft:axolotl_spawn_egg":23,"minecraft:deepslate_bricks":113,"minecraft:soul_lantern":18,"minecraft:bedrock":6,"minecraft:glowstone":14,"minecraft:dirt":4,"minecraft:potion":1,"minecraft:crafting_table":1,"minecraft:chain":52,"minecraft:deepslate_brick_slab":189,"minecraft:axolotl_bucket":23,"minecraft:deepslate_brick_stairs":146},"minecraft:dropped":{"minecraft:oak_leaves":1},"minecraft:mined":{"minecraft:grass":8,"minecraft:fern":1},"minecraft:custom":{"minecraft:time_since_rest":54558,"minecraft:sprint_one_cm":18383,"minecraft:walk_one_cm":102952,"minecraft:damage_taken":30,"minecraft:mob_kills":23,"minecraft:drop":1,"minecraft:damage_dealt":2850,"minecraft:interact_with_crafting_table":1,"minecraft:fly_one_cm":98764,"minecraft:crouch_one_cm":14134,"minecraft:play_time":55899,"minecraft:deaths":1,"minecraft:sneak_time":4662,"minecraft:walk_under_water_one_cm":4957,"minecraft:jump":211,"minecraft:leave_game":1,"minecraft:time_since_death":54522,"minecraft:walk_on_water_one_cm":27724,"minecraft:total_world_time":55899,"minecraft:climb_one_cm":74,"minecraft:fall_one_cm":211},"minecraft:killed":{"minecraft:axolotl":23}},"DataVersion":2975}