{"stats":{"minecraft:picked_up":{"minecraft:stick":1,"minecraft:rotten_flesh":1,"minecraft:soul_lantern":2,"minecraft:wheat_seeds":6,"minecraft:jungle_sapling":1,"minecraft:oak_sapling":2},"minecraft:killed_by":{"minecraft:spider":1},"minecraft:used":{"minecraft:deepslate_bricks":92,"minecraft:soul_lantern":18,"minecraft:bedrock":6,"minecraft:glowstone":10,"minecraft:dirt":3,"minecraft:crafting_table":1,"minecraft:cracked_deepslate_bricks":25,"minecraft:grass_block":299,"minecraft:chain":27,"minecraft:deepslate_brick_slab":181,"minecraft:axolotl_bucket":23,"minecraft:deepslate_brick_stairs":146},"minecraft:dropped":{"minecraft:oak_leaves":1},"minecraft:mined":{"minecraft:grass":8,"minecraft:fern":1},"minecraft:custom":{"minecraft:time_since_rest":42558,"minecraft:crouch_one_cm":6885,"minecraft:sprint_one_cm":13960,"minecraft:play_time":43899,"minecraft:deaths":1,"minecraft:damage_taken":30,"minecraft:walk_one_cm":90087,"minecraft:sneak_time":1942,"minecraft:walk_under_water_one_cm":3471,"minecraft:drop":1,"minecraft:jump":138,"minecraft:damage_dealt":10,"minecraft:leave_game":1,"minecraft:walk_on_water_one_cm":371,"minecraft:time_since_death":42522,"minecraft:climb_one_cm":74,"minecraft:total_world_time":43899,"minecraft:interact_with_crafting_table":1,"minecraft:fall_one_cm":211,"minecraft:fly_one_cm":69500}},"DataVersion":2975}