{"stats":{"minecraft:custom":{"minecraft:time_since_rest":1974,"minecraft:interact_with_furnace":10,"minecraft:sprint_one_cm":19931,"minecraft:damage_taken":310,"minecraft:walk_one_cm":31128,"minecraft:mob_kills":1,"minecraft:drop":6,"minecraft:damage_dealt":1031,"minecraft:talked_to_villager":1,"minecraft:interact_with_crafting_table":8,"minecraft:fly_one_cm":21303,"minecraft:open_chest":4,"minecraft:crouch_one_cm":2396,"minecraft:play_one_minute":20047,"minecraft:deaths":3,"minecraft:bell_ring":15,"minecraft:sneak_time":1218,"minecraft:jump":297,"minecraft:leave_game":2,"minecraft:time_since_death":10351,"minecraft:sleep_in_bed":1,"minecraft:fall_one_cm":6219},"minecraft:killed":{"minecraft:iron_golem":1},"minecraft:crafted":{"minecraft:oak_planks":48,"minecraft:iron_boots":1,"minecraft:iron_chestplate":1,"minecraft:shield":1,"minecraft:crafting_table":1,"minecraft:stick":12,"minecraft:iron_ingot":20,"minecraft:wooden_pickaxe":1,"minecraft:iron_pickaxe":1,"minecraft:stone_pickaxe":1,"minecraft:stone_sword":1,"minecraft:furnace":1,"minecraft:bucket":1,"minecraft:torch":8,"minecraft:stone_axe":1,"minecraft:air":0},"minecraft:used":{"minecraft:stone_pickaxe":28,"minecraft:iron_pickaxe":10,"minecraft:wooden_pickaxe":3,"minecraft:torch":2,"minecraft:stone_axe":21,"minecraft:dirt":8,"minecraft:crafting_table":2,"minecraft:furnace":2,"tombstone:gift":1},"minecraft:mined":{"minecraft:furnace":2,"minecraft:iron_ore":20,"minecraft:crafting_table":2,"minecraft:grass":4,"minecraft:coal_ore":2,"minecraft:grass_block":6,"minecraft:oak_log":28,"minecraft:dirt":3,"minecraft:tall_grass":1,"minecraft:stone":16,"minecraft:oak_leaves":1},"minecraft:killed_by":{"minecraft:creeper":1},"minecraft:picked_up":{"minecraft:crafting_table":2,"minecraft:wooden_pickaxe":1,"minecraft:oak_log":28,"minecraft:dirt":8,"minecraft:wheat_seeds":1,"minecraft:iron_ingot":4,"minecraft:stone_pickaxe":1,"minecraft:iron_ore":20,"minecraft:poppy":2,"minecraft:oak_planks":15,"minecraft:coal":2,"minecraft:cobblestone":22,"minecraft:furnace":2},"minecraft:dropped":{"minecraft:poppy":2,"minecraft:wheat_seeds":1,"minecraft:wooden_pickaxe":1,"minecraft:stone_pickaxe":2}},"DataVersion":2586}