{"stats":{"minecraft:picked_up":{"minecraft:cocoa_beans":3,"minecraft:stick":1,"minecraft:rotten_flesh":1,"minecraft:wheat_seeds":7,"minecraft:soul_lantern":3,"minecraft:jungle_sapling":1,"minecraft:oak_sapling":2},"minecraft:killed_by":{"minecraft:spider":1},"minecraft:used":{"minecraft:deepslate_brick_wall":7,"minecraft:nether_brick_fence":3,"minecraft:netherite_sword":36,"minecraft:honey_block":33,"minecraft:iron_bars":1,"minecraft:cracked_deepslate_bricks":123,"minecraft:grass_block":299,"minecraft:spore_blossom":4,"minecraft:axolotl_spawn_egg":23,"minecraft:deepslate_bricks":163,"minecraft:soul_lantern":18,"minecraft:bedrock":6,"minecraft:soul_sand":6,"minecraft:glowstone":17,"minecraft:dirt":4,"minecraft:potion":1,"minecraft:crafting_table":1,"minecraft:chain":53,"minecraft:deepslate_brick_slab":193,"minecraft:axolotl_bucket":24,"minecraft:deepslate_brick_stairs":211},"minecraft:dropped":{"minecraft:oak_leaves":1},"minecraft:mined":{"minecraft:grass":8,"minecraft:fern":1},"minecraft:custom":{"minecraft:time_since_rest":66558,"minecraft:sprint_one_cm":20834,"minecraft:walk_one_cm":112105,"minecraft:damage_taken":30,"minecraft:mob_kills":23,"minecraft:drop":1,"minecraft:damage_dealt":2850,"minecraft:interact_with_crafting_table":1,"minecraft:fly_one_cm":111964,"minecraft:crouch_one_cm":20885,"minecraft:play_time":67899,"minecraft:deaths":1,"minecraft:sneak_time":7163,"minecraft:walk_under_water_one_cm":5203,"minecraft:jump":283,"minecraft:leave_game":1,"minecraft:time_since_death":66522,"minecraft:walk_on_water_one_cm":35589,"minecraft:total_world_time":67899,"minecraft:climb_one_cm":205,"minecraft:fall_one_cm":211},"minecraft:killed":{"minecraft:axolotl":23}},"DataVersion":2975}