{"stats":{"minecraft:mined":{"minecraft:cut_sandstone":2,"minecraft:stone_pressure_plate":1,"minecraft:crafting_table":3,"minecraft:torch":3,"minecraft:grass_block":6,"minecraft:dead_bush":1,"minecraft:tall_grass":6,"minecraft:sandstone":10,"minecraft:wall_torch":3,"minecraft:furnace":4,"minecraft:iron_ore":61,"minecraft:chiseled_sandstone":1,"minecraft:tnt":9,"minecraft:grass":24,"minecraft:oak_log":28,"minecraft:coal_ore":18,"minecraft:dirt":3,"minecraft:gravel":1,"minecraft:stone":25,"minecraft:oak_leaves":1},"minecraft:killed":{"minecraft:cat":1,"minecraft:pig":4,"minecraft:iron_golem":1,"minecraft:sheep":8,"minecraft:skeleton":3,"minecraft:zombie":4,"minecraft:cow":4},"minecraft:killed_by":{"minecraft:creeper":2,"minecraft:zombie":2},"minecraft:crafted":{"minecraft:cooked_beef":7,"minecraft:oak_planks":48,"minecraft:cooked_porkchop":3,"minecraft:crafting_table":1,"minecraft:wooden_pickaxe":1,"minecraft:iron_helmet":1,"minecraft:furnace":2,"minecraft:bucket":1,"minecraft:stone_axe":1,"minecraft:cooked_mutton":11,"minecraft:air":0,"minecraft:iron_boots":1,"minecraft:iron_chestplate":1,"minecraft:shield":1,"minecraft:stick":12,"minecraft:iron_ingot":53,"minecraft:iron_pickaxe":1,"minecraft:stone_pickaxe":1,"minecraft:stone_sword":1,"minecraft:iron_leggings":1,"minecraft:torch":8},"minecraft:dropped":{"minecraft:wheat_seeds":1,"minecraft:poppy":2,"minecraft:stone_pickaxe":2,"minecraft:wooden_pickaxe":1},"minecraft:used":{"minecraft:water_bucket":2,"minecraft:stone_sword":69,"minecraft:stone_pickaxe":28,"minecraft:oak_planks":15,"minecraft:shield":7,"minecraft:wooden_pickaxe":3,"minecraft:sandstone":10,"minecraft:cut_sandstone":2,"minecraft:rotten_flesh":5,"minecraft:torch":10,"minecraft:dirt":8,"minecraft:tnt":1,"minecraft:crafting_table":3,"minecraft:iron_pickaxe":101,"tombstone:grave_key":12,"minecraft:stone_axe":23,"minecraft:cobblestone":7,"minecraft:furnace":6,"minecraft:bucket":3,"tombstone:gift":1,"minecraft:stone_pressure_plate":1,"minecraft:cooked_beef":2},"minecraft:custom":{"minecraft:interact_with_furnace":31,"minecraft:mob_kills":25,"minecraft:interact_with_crafting_table":10,"minecraft:play_one_minute":42950,"minecraft:bell_ring":15,"minecraft:damage_dealt_resisted":70,"minecraft:leave_game":4,"minecraft:time_since_death":11664,"minecraft:sleep_in_bed":1,"minecraft:time_since_rest":11439,"minecraft:sprint_one_cm":55890,"minecraft:damage_taken":1724,"minecraft:walk_one_cm":72744,"minecraft:damage_blocked_by_shield":370,"minecraft:drop":6,"minecraft:damage_dealt":3765,"minecraft:talked_to_villager":1,"minecraft:fly_one_cm":82531,"minecraft:open_chest":8,"minecraft:crouch_one_cm":6662,"tombstone:undead_killed":7,"minecraft:deaths":7,"minecraft:sneak_time":3069,"minecraft:jump":702,"minecraft:walk_on_water_one_cm":3615,"minecraft:fall_one_cm":17430},"minecraft:picked_up":{"minecraft:crafting_table":3,"minecraft:leather":3,"minecraft:cut_sandstone":2,"minecraft:wooden_pickaxe":1,"minecraft:oak_log":28,"minecraft:string":1,"minecraft:dirt":8,"minecraft:bone":5,"minecraft:wheat_seeds":1,"minecraft:beef":7,"minecraft:iron_ingot":5,"minecraft:stone_pickaxe":1,"minecraft:iron_ore":61,"minecraft:poppy":2,"minecraft:light_gray_wool":1,"minecraft:oak_planks":15,"minecraft:furnace":4,"minecraft:sandstone":10,"minecraft:torch":6,"minecraft:gravel":1,"minecraft:porkchop":6,"minecraft:chiseled_sandstone":1,"minecraft:stone_pressure_plate":1,"minecraft:tnt":9,"minecraft:arrow":4,"minecraft:rotten_flesh":5,"minecraft:mutton":13,"minecraft:coal":29,"minecraft:white_wool":7,"minecraft:cobblestone":31}},"DataVersion":2586}