{"stats":{"minecraft:custom":{"minecraft:jump":70,"minecraft:open_chest":4,"minecraft:time_since_rest":2186,"minecraft:play_one_minute":5073,"minecraft:deaths":2,"minecraft:leave_game":1,"minecraft:sprint_one_cm":12537,"minecraft:damage_taken":90,"minecraft:time_since_death":2480,"minecraft:walk_one_cm":10487,"minecraft:bell_ring":9,"minecraft:sneak_time":10,"minecraft:drop":1,"minecraft:fall_one_cm":3697,"minecraft:fly_one_cm":9384},"minecraft:picked_up":{"minecraft:wheat_seeds":1,"minecraft:dirt":2},"minecraft:dropped":{"minecraft:wheat_seeds":1},"minecraft:mined":{"minecraft:grass":3,"minecraft:grass_block":3,"minecraft:oak_leaves":1},"minecraft:used":{"minecraft:dirt":2}},"DataVersion":2586}