{"stats":{"minecraft:custom":{"minecraft:time_since_rest":86,"minecraft:sprint_one_cm":16341,"minecraft:damage_taken":290,"minecraft:walk_one_cm":17584,"minecraft:mob_kills":1,"minecraft:drop":3,"minecraft:damage_dealt":1031,"minecraft:talked_to_villager":1,"minecraft:interact_with_crafting_table":4,"minecraft:fly_one_cm":15814,"minecraft:open_chest":4,"minecraft:crouch_one_cm":1164,"minecraft:play_one_minute":10068,"minecraft:deaths":3,"minecraft:bell_ring":15,"minecraft:sneak_time":543,"minecraft:jump":210,"minecraft:leave_game":1,"minecraft:time_since_death":372,"minecraft:fall_one_cm":4986},"minecraft:killed":{"minecraft:iron_golem":1},"minecraft:crafted":{"minecraft:oak_planks":20,"minecraft:crafting_table":1,"minecraft:stick":8,"minecraft:wooden_pickaxe":1,"minecraft:stone_pickaxe":1,"minecraft:furnace":1},"minecraft:used":{"minecraft:stone_pickaxe":13,"minecraft:wooden_pickaxe":3,"minecraft:dirt":5,"minecraft:crafting_table":1},"minecraft:mined":{"minecraft:iron_ore":4,"minecraft:grass":4,"minecraft:grass_block":6,"minecraft:oak_log":6,"minecraft:dirt":3,"minecraft:tall_grass":1,"minecraft:stone":11,"minecraft:oak_leaves":1},"minecraft:killed_by":{"minecraft:creeper":1},"minecraft:picked_up":{"minecraft:oak_log":5,"minecraft:dirt":8,"minecraft:wheat_seeds":1,"minecraft:iron_ingot":4,"minecraft:iron_ore":4,"minecraft:poppy":2,"minecraft:cobblestone":17},"minecraft:dropped":{"minecraft:poppy":2,"minecraft:wheat_seeds":1}},"DataVersion":2586}